locale,key,value
en_US,greeting,"Hello, this is Nissan"
en_US,GlobalCapability,"Global Capability"
en_US,ApplyforDatangestionJob,"Apply for Data Ingestion Job"
en_US,ProjectID,"Project ID"
en_US,Stage,"Stage"
en_US,DIInformation,"DI Information"
en_US,ApplicationMaterials,"Application Materials"
en_US,ApplicationSubmissionSuccessful,"Application Submission Successful"
en_US,Yourapplicationhasbeensubmittedsuccessfully,"Your application has been submitted successfully."
en_US,Normallyittakesabout30minutesforvalidation,"Normally it takes about 30 minutes for validation."
en_US,Theresultswillbenotifiedviaemaillater,"The results will be notified via email later."
en_US,Thankyou,"Thank you."
en_US,ChecktheStatusofanExistedApplication,"Check the Status of an Existed Application"
en_US,ApplicationInformation,"Application Information"
en_US,SelfDIApplicationID,"SelfDI Application ID"
en_US,Example,"Example".
en_US,Search,"Search"
en_US,SearchingforapplicationwithID,"Searching for application with ID"